{
  "__comment": "Instructions: https://mods.blakebr0.com/docs/cucumber/tags-config",
  "forge:ingots/tungsten": "null",
  "forge:ingots/copper": "tmechworks:copper_ingot",
  "forge:silicon": "appliedenergistics2:silicon",
  "forge:gems/apatite": "null",
  "forge:dusts/saltpeter": "null",
  "forge:ingots/steel": "mekanism:ingot_steel",
  "forge:ingots/lead": "mekanism:ingot_lead",
  "forge:ingots/mithril": "null",
  "forge:ingots/iridium": "null",
  "forge:ingots/zinc": "create:zinc_ingot",
  "forge:ingots/invar": "null",
  "forge:gems/ruby": "projectred-core:ruby",
  "forge:dusts/niter": "null",
  "forge:ingots/chrome": "null",
  "forge:dusts/sulfur": "mekanism:dust_sulfur",
  "forge:ingots/nickel": "null",
  "forge:ingots/constantan": "null",
  "forge:ingots/tin": "projectred-core:tin_ingot",
  "forge:gems/sapphire": "projectred-core:sapphire",
  "forge:ingots/bronze": "mekanism:ingot_bronze",
  "forge:ingots/electrum": "null",
  "forge:ingots/silver": "projectred-core:silver_ingot",
  "forge:ingots/platinum": "pixelmon:platinum_ingot",
  "forge:ingots/graphite": "bigreactors:graphite_ingot",
  "forge:ingots/uranium": "bigreactors:yellorium_ingot",
  "forge:ingots/aluminum": "tmechworks:aluminum_ingot",
  "forge:ingots/brass": "create:brass_ingot",
  "forge:ingots/titanium": "null",
  "forge:rubber": "null"
}